Customer_ID,Age,Tenure_Months,Monthly_Charges_AED,Support_Calls,Contract_Type,Churned
CUST0001,38,11,68.55,3,One Year,0
CUST0002,34,72,38.29,2,Two Year,0
CUST0003,33,31,72.6,1,Two Year,0
CUST0004,48,21,77.21,0,Two Year,0
CUST0005,68,4,76.2,1,Month-to-Month,0
CUST0006,26,4,86.62,1,One Year,0
CUST0007,48,1,81.68,3,Month-to-Month,0
CUST0008,31,48,74.18,2,Two Year,0
CUST0009,66,22,63.6,1,Month-to-Month,0
CUST0010,54,29,31.78,3,Month-to-Month,1
CUST0011,19,1,73.59,3,Month-to-Month,1
CUST0012,69,72,69.15,2,One Year,0
CUST0013,65,42,70.43,6,Month-to-Month,1
CUST0014,63,5,39.47,0,Month-to-Month,0
CUST0015,31,4,43.38,1,Two Year,1
CUST0016,50,4,86.06,1,Two Year,0
CUST0017,52,8,64.21,2,Month-to-Month,0
CUST0018,56,17,78.63,2,Month-to-Month,0
CUST0019,64,13,65.57,1,Two Year,0
CUST0020,68,8,65.6,1,Two Year,0
CUST0021,37,22,83.77,0,One Year,0
CUST0022,19,3,54.68,4,One Year,1
CUST0023,68,8,66.92,1,Month-to-Month,0
CUST0024,58,10,55.75,5,Two Year,1
CUST0025,36,14,56.31,1,One Year,0
CUST0026,54,36,58.82,1,One Year,0
CUST0027,35,5,69.44,0,Month-to-Month,1
CUST0028,33,17,55.43,2,Two Year,0
CUST0029,21,21,90.12,1,One Year,0
CUST0030,29,1,47.11,1,Month-to-Month,1
CUST0031,46,22,61.26,5,One Year,0
CUST0032,24,4,56.21,2,One Year,0
CUST0033,31,1,93.94,6,One Year,1
CUST0034,29,71,68.93,2,One Year,0
CUST0035,52,72,85.64,4,One Year,0
CUST0036,22,39,35.29,1,Two Year,0
CUST0037,34,8,70.34,2,Month-to-Month,0
CUST0038,59,2,82.79,0,Month-to-Month,0
CUST0039,49,27,66.65,3,Month-to-Month,0
CUST0040,27,13,86.31,3,One Year,0
CUST0041,60,3,54.65,1,One Year,0
CUST0042,34,16,93.19,3,Two Year,0
CUST0043,22,1,110.98,1,One Year,0
CUST0044,62,57,57.74,3,One Year,0
CUST0045,59,7,56.09,0,Two Year,0
CUST0046,26,26,94.07,1,Month-to-Month,1
CUST0047,66,8,96.59,0,Two Year,1
CUST0048,50,17,54.54,4,Month-to-Month,0
CUST0049,53,18,56.6,6,One Year,1
CUST0050,53,4,59.36,3,One Year,1
CUST0051,35,72,38.11,2,One Year,0
CUST0052,26,35,46.63,4,Month-to-Month,0
CUST0053,46,67,44.92,1,Month-to-Month,0
CUST0054,67,54,49.64,0,One Year,0
CUST0055,31,21,64.31,3,Two Year,0
CUST0056,42,61,69.68,2,Month-to-Month,1
CUST0057,32,2,96.01,3,Two Year,0
CUST0058,23,5,45.03,5,Month-to-Month,1
CUST0059,59,1,84.69,1,One Year,0
CUST0060,46,9,60.72,2,One Year,1
CUST0061,32,11,64.01,5,One Year,0
CUST0062,46,7,78.5,2,Two Year,0
CUST0063,21,42,42.55,3,One Year,0
CUST0064,35,10,72.65,5,One Year,0
CUST0065,67,7,68.33,1,Month-to-Month,0
CUST0066,66,18,74.85,3,Month-to-Month,0
CUST0067,61,3,70.78,6,Month-to-Month,1
CUST0068,56,38,114.11,2,One Year,1
CUST0069,33,1,52.25,4,Month-to-Month,0
CUST0070,28,72,54.38,5,Month-to-Month,0
CUST0071,31,35,52.54,4,Month-to-Month,0
CUST0072,20,5,53.89,3,Month-to-Month,1
CUST0073,68,1,52.25,2,Month-to-Month,0
CUST0074,67,40,88.78,4,Two Year,0
CUST0075,59,29,93.41,3,One Year,0
CUST0076,55,31,53.59,6,One Year,0
CUST0077,62,35,48.35,1,One Year,0
CUST0078,59,1,74.43,2,Month-to-Month,0
CUST0079,35,10,53.96,1,Two Year,0
CUST0080,37,2,77.66,2,Month-to-Month,1
CUST0081,65,47,69.06,3,Month-to-Month,0
CUST0082,42,23,34.69,3,One Year,0
CUST0083,55,9,95.95,0,Month-to-Month,1
CUST0084,30,1,100.92,2,One Year,0
CUST0085,21,8,52.74,4,Month-to-Month,0
CUST0086,31,9,57.25,2,One Year,1
CUST0087,50,31,70.72,5,Month-to-Month,0
CUST0088,45,24,71.69,4,Month-to-Month,0
CUST0089,69,52,78.17,0,One Year,0
CUST0090,54,15,105.2,4,Month-to-Month,1
CUST0091,25,3,61.46,2,Month-to-Month,0
CUST0092,61,29,49.03,3,Month-to-Month,0
CUST0093,51,34,37.41,2,One Year,0
CUST0094,61,19,50.38,2,One Year,0
CUST0095,22,35,64.34,1,Month-to-Month,0
CUST0096,22,16,100.89,2,Two Year,1
CUST0097,48,17,54.65,1,Two Year,0
CUST0098,62,13,69.48,2,One Year,0
CUST0099,26,1,64.67,1,One Year,0
CUST0100,59,2,88.77,2,Month-to-Month,1
CUST0101,49,1,115.54,6,One Year,0
CUST0102,50,24,54.38,4,Month-to-Month,0
CUST0103,20,9,55.21,0,Month-to-Month,0
CUST0104,47,17,85.88,2,Two Year,0
CUST0105,67,57,78.64,5,One Year,0
CUST0106,29,6,101.93,2,Month-to-Month,1
CUST0107,46,12,76.68,3,Month-to-Month,0
CUST0108,20,33,57.81,2,One Year,0
CUST0109,43,6,76.81,1,Month-to-Month,0
CUST0110,47,1,87.17,4,Month-to-Month,1
CUST0111,26,8,81.41,3,Month-to-Month,0
CUST0112,43,4,75.15,3,Month-to-Month,0
CUST0113,19,63,86.33,4,One Year,1
CUST0114,20,39,88.39,3,Month-to-Month,1
CUST0115,63,24,92.64,1,One Year,0
CUST0116,21,49,77.97,1,Month-to-Month,0
CUST0117,42,39,61.66,2,One Year,0
CUST0118,68,4,67.93,2,Two Year,0
CUST0119,30,53,89.13,1,One Year,0
CUST0120,56,18,48.66,3,Two Year,0
CUST0121,61,39,72.37,0,Two Year,0
CUST0122,52,54,57.13,4,Month-to-Month,0
CUST0123,40,9,65.57,4,One Year,0
CUST0124,26,2,90.57,0,Two Year,0
CUST0125,19,6,68.82,2,Month-to-Month,0
CUST0126,58,13,65.93,1,Month-to-Month,0
CUST0127,61,40,37.8,3,Two Year,0
CUST0128,48,47,79.93,1,One Year,0
CUST0129,61,1,77.91,4,Month-to-Month,1
CUST0130,64,17,108.27,5,Month-to-Month,1
CUST0131,19,12,58.84,0,One Year,0
CUST0132,49,6,69.38,1,One Year,0
CUST0133,35,3,69.99,3,One Year,0
CUST0134,30,9,96.55,6,One Year,0
CUST0135,63,68,63.09,2,One Year,0
CUST0136,22,9,70.58,2,One Year,0
CUST0137,59,17,77.16,2,One Year,0
CUST0138,61,29,68.73,3,One Year,0
CUST0139,27,10,56.07,3,One Year,1
CUST0140,60,72,68.88,2,Month-to-Month,0
CUST0141,42,72,86.47,1,Month-to-Month,1
CUST0142,51,6,44.47,2,Two Year,0
CUST0143,54,16,67.66,3,Month-to-Month,0
CUST0144,47,8,51.0,1,Month-to-Month,0
CUST0145,24,8,88.9,3,Month-to-Month,0
CUST0146,23,1,34.54,1,Two Year,0
CUST0147,20,22,53.82,1,Month-to-Month,0
CUST0148,30,16,72.54,1,Month-to-Month,0
CUST0149,20,1,96.31,6,Month-to-Month,0
CUST0150,43,7,63.68,6,One Year,0
CUST0151,41,57,53.9,1,Month-to-Month,1
CUST0152,23,6,102.62,5,Month-to-Month,1
CUST0153,60,3,36.04,4,Month-to-Month,1
CUST0154,66,16,21.02,3,Two Year,0
CUST0155,59,72,73.8,2,Month-to-Month,0
CUST0156,29,6,54.96,2,Month-to-Month,0
CUST0157,66,26,44.58,0,One Year,0
CUST0158,53,34,79.17,2,Two Year,0
CUST0159,19,6,69.88,2,One Year,0
CUST0160,28,31,53.72,2,Two Year,0
CUST0161,56,11,39.39,1,Two Year,0
CUST0162,51,24,82.45,2,Month-to-Month,0
CUST0163,43,24,78.0,4,One Year,0
CUST0164,35,18,63.02,4,Month-to-Month,0
CUST0165,38,2,101.93,4,One Year,1
CUST0166,53,43,43.6,3,Month-to-Month,0
CUST0167,57,9,34.49,2,Month-to-Month,0
CUST0168,69,4,51.16,2,Two Year,1
CUST0169,63,1,64.09,0,Month-to-Month,1
CUST0170,61,21,69.87,2,Two Year,0
CUST0171,39,27,60.18,4,Month-to-Month,0
CUST0172,47,1,72.04,2,Month-to-Month,0
CUST0173,67,17,39.97,6,Two Year,0
CUST0174,60,6,93.88,2,One Year,1
CUST0175,47,24,63.36,2,One Year,0
CUST0176,25,4,87.35,0,Month-to-Month,0
CUST0177,51,28,71.85,0,One Year,0
CUST0178,64,11,74.14,5,One Year,0
CUST0179,26,66,76.4,3,One Year,0
CUST0180,68,3,73.95,3,Month-to-Month,0
CUST0181,37,10,77.85,0,Two Year,0
CUST0182,57,2,91.58,2,One Year,0
CUST0183,42,62,68.93,2,Two Year,0
CUST0184,36,50,79.18,2,One Year,0
CUST0185,22,7,63.21,1,One Year,0
CUST0186,28,25,93.8,0,Month-to-Month,0
CUST0187,32,40,51.47,4,Month-to-Month,0
CUST0188,25,19,101.02,3,Two Year,0
CUST0189,36,18,64.2,3,Month-to-Month,0
CUST0190,40,6,36.38,7,Month-to-Month,0
CUST0191,44,2,67.56,2,Month-to-Month,1
CUST0192,57,54,51.38,3,Month-to-Month,0
CUST0193,49,55,81.81,2,Two Year,0
CUST0194,43,24,51.95,2,Two Year,0
CUST0195,44,9,56.08,4,Month-to-Month,1
CUST0196,36,10,27.21,7,Month-to-Month,0
CUST0197,67,31,55.95,2,One Year,0
CUST0198,59,54,20.0,5,One Year,0
CUST0199,46,52,33.32,3,Two Year,0
CUST0200,56,36,80.21,3,One Year,0
CUST0201,58,24,80.72,1,Month-to-Month,0
CUST0202,50,2,73.51,3,One Year,0
CUST0203,36,4,45.66,4,Two Year,0
CUST0204,54,54,64.05,3,One Year,0
CUST0205,36,22,64.93,3,One Year,0
CUST0206,50,1,41.83,2,Month-to-Month,0
CUST0207,64,2,95.07,4,One Year,0
CUST0208,33,26,82.55,4,One Year,0
CUST0209,40,1,60.58,1,Month-to-Month,0
CUST0210,24,4,65.54,2,Month-to-Month,0
CUST0211,43,19,69.17,2,Month-to-Month,0
CUST0212,49,28,24.17,2,Month-to-Month,0
CUST0213,29,25,60.06,3,Month-to-Month,0
CUST0214,25,6,51.36,1,Month-to-Month,0
CUST0215,22,29,44.97,5,One Year,0
CUST0216,59,6,59.38,2,Month-to-Month,1
CUST0217,45,9,100.95,1,Month-to-Month,1
CUST0218,22,32,77.82,2,Two Year,0
CUST0219,66,25,53.58,3,One Year,0
CUST0220,43,45,76.45,4,One Year,0
CUST0221,22,25,92.99,2,Month-to-Month,1
CUST0222,39,20,83.49,2,One Year,0
CUST0223,32,2,66.19,3,Month-to-Month,1
CUST0224,30,11,52.06,0,Two Year,0
CUST0225,45,7,78.96,2,Month-to-Month,0
CUST0226,50,6,72.87,3,One Year,0
CUST0227,60,72,82.9,0,Month-to-Month,0
CUST0228,40,11,77.7,4,One Year,1
CUST0229,50,53,85.99,2,One Year,0
CUST0230,60,23,54.3,3,Month-to-Month,0
CUST0231,35,38,91.35,4,Month-to-Month,0
CUST0232,67,16,68.95,3,One Year,0
CUST0233,47,20,106.51,2,Two Year,0
CUST0234,43,16,51.22,3,Two Year,0
CUST0235,33,5,99.72,2,Month-to-Month,0
CUST0236,30,30,68.96,0,Month-to-Month,0
CUST0237,56,7,51.97,1,Two Year,0
CUST0238,50,1,55.32,3,One Year,0
CUST0239,43,24,58.59,2,One Year,0
CUST0240,65,4,73.48,3,Two Year,0
CUST0241,18,67,75.46,1,Two Year,0
CUST0242,66,72,53.53,3,One Year,0
CUST0243,55,59,64.51,1,Month-to-Month,0
CUST0244,19,11,107.85,1,Month-to-Month,1
CUST0245,66,1,99.55,0,One Year,1
CUST0246,23,63,73.73,4,Month-to-Month,0
CUST0247,63,13,65.76,6,Month-to-Month,0
CUST0248,67,72,67.4,4,Month-to-Month,0
CUST0249,55,72,77.27,4,Month-to-Month,0
CUST0250,59,46,44.54,4,One Year,0
CUST0251,41,8,59.85,3,One Year,0
CUST0252,35,11,31.63,3,Month-to-Month,0
CUST0253,44,45,72.98,3,Month-to-Month,0
CUST0254,58,9,77.94,2,Two Year,0
CUST0255,25,4,55.34,2,Month-to-Month,1
CUST0256,45,19,96.48,3,One Year,0
CUST0257,27,66,40.48,1,Two Year,0
CUST0258,34,28,35.71,0,Month-to-Month,0
CUST0259,46,20,69.49,4,One Year,0
CUST0260,23,2,85.94,1,Two Year,0
CUST0261,31,22,98.68,1,Month-to-Month,1
CUST0262,39,72,55.82,3,One Year,0
CUST0263,23,3,86.57,5,Month-to-Month,0
CUST0264,43,17,64.23,4,Month-to-Month,0
CUST0265,56,50,61.55,3,Two Year,0
CUST0266,29,32,82.67,7,Two Year,0
CUST0267,52,28,78.05,3,One Year,0
CUST0268,31,29,33.47,1,Month-to-Month,0
CUST0269,39,10,94.53,0,Month-to-Month,1
CUST0270,68,8,92.6,3,One Year,0
CUST0271,40,39,52.49,1,Month-to-Month,0
CUST0272,65,39,72.92,2,One Year,0
CUST0273,24,48,74.88,1,One Year,0
CUST0274,57,58,70.21,2,One Year,0
CUST0275,67,17,53.99,1,One Year,0
CUST0276,42,16,51.57,2,Month-to-Month,0
CUST0277,30,38,64.49,4,Month-to-Month,0
CUST0278,38,25,88.45,3,Month-to-Month,1
CUST0279,58,29,75.87,4,One Year,0
CUST0280,27,38,57.59,1,One Year,0
CUST0281,26,52,80.43,1,One Year,0
CUST0282,32,9,20.0,2,One Year,0
CUST0283,69,11,87.98,2,Two Year,0
CUST0284,19,2,30.21,2,Month-to-Month,1
CUST0285,42,20,57.75,1,Month-to-Month,1
CUST0286,30,1,42.61,4,Month-to-Month,1
CUST0287,51,15,39.11,0,One Year,0
CUST0288,68,18,88.22,6,Month-to-Month,0
CUST0289,51,8,55.65,2,Two Year,1
CUST0290,52,21,71.93,3,One Year,0
CUST0291,55,1,64.06,3,Two Year,0
CUST0292,20,1,74.54,0,Two Year,0
CUST0293,59,41,66.54,4,Month-to-Month,0
CUST0294,23,10,39.34,1,Month-to-Month,0
CUST0295,65,3,84.93,4,One Year,1
CUST0296,66,17,55.12,1,Month-to-Month,1
CUST0297,36,35,33.87,2,Month-to-Month,0
CUST0298,20,5,56.44,3,One Year,0
CUST0299,35,23,95.02,1,Month-to-Month,0
CUST0300,56,2,82.0,2,One Year,1
CUST0301,26,1,58.03,0,One Year,0
CUST0302,69,18,58.01,3,Month-to-Month,0
CUST0303,29,18,58.57,6,Month-to-Month,0
CUST0304,22,24,106.53,3,Month-to-Month,0
CUST0305,20,31,72.64,5,One Year,0
CUST0306,28,72,73.6,4,Month-to-Month,0
CUST0307,47,17,85.61,3,Two Year,0
CUST0308,21,9,69.78,1,Month-to-Month,0
CUST0309,22,38,59.82,3,Month-to-Month,1
CUST0310,18,7,61.07,1,Month-to-Month,0
CUST0311,44,13,63.57,5,Month-to-Month,0
CUST0312,45,1,64.26,4,Month-to-Month,0
CUST0313,46,1,79.55,1,One Year,0
CUST0314,35,72,66.04,3,One Year,0
CUST0315,29,43,79.65,4,Month-to-Month,1
CUST0316,30,28,63.39,1,Month-to-Month,0
CUST0317,58,12,66.57,2,One Year,0
CUST0318,19,4,25.04,1,One Year,0
CUST0319,54,4,83.33,3,Month-to-Month,0
CUST0320,62,6,71.93,4,Two Year,0
CUST0321,33,19,84.96,6,Month-to-Month,0
CUST0322,65,30,20.0,2,One Year,0
CUST0323,41,25,106.77,5,Month-to-Month,0
CUST0324,52,7,62.21,1,Month-to-Month,1
CUST0325,39,72,87.16,0,Two Year,0
CUST0326,53,32,44.2,3,Month-to-Month,0
CUST0327,28,19,77.26,2,One Year,0
CUST0328,63,22,43.93,3,Month-to-Month,0
CUST0329,46,13,52.52,6,One Year,0
CUST0330,52,6,103.28,5,Two Year,1
CUST0331,65,10,61.19,5,Month-to-Month,0
CUST0332,32,34,69.35,6,Two Year,0
CUST0333,48,1,82.4,3,One Year,0
CUST0334,59,2,74.91,2,One Year,0
CUST0335,58,1,68.01,4,One Year,0
CUST0336,60,1,72.3,2,Two Year,0
CUST0337,33,46,113.07,4,Month-to-Month,1
CUST0338,27,29,63.85,0,Month-to-Month,0
CUST0339,66,15,69.02,7,Two Year,0
CUST0340,49,2,86.01,1,One Year,0
CUST0341,68,16,87.11,4,Month-to-Month,0
CUST0342,19,15,88.74,1,One Year,0
CUST0343,41,4,77.77,0,One Year,0
CUST0344,40,13,42.14,1,Month-to-Month,0
CUST0345,19,12,97.67,4,Month-to-Month,1
CUST0346,55,22,42.07,4,One Year,0
CUST0347,48,24,71.05,2,Month-to-Month,0
CUST0348,68,1,49.91,5,One Year,0
CUST0349,57,11,63.72,1,Two Year,0
CUST0350,43,23,71.58,4,Month-to-Month,1
CUST0351,46,16,71.43,1,Month-to-Month,0
CUST0352,20,46,73.44,1,Month-to-Month,0
CUST0353,31,25,97.27,2,Month-to-Month,1
CUST0354,42,4,74.07,1,One Year,0
CUST0355,65,1,60.12,5,Month-to-Month,0
CUST0356,18,24,84.28,2,One Year,0
CUST0357,20,1,88.79,1,Month-to-Month,1
CUST0358,43,21,40.45,2,Month-to-Month,0
CUST0359,35,67,76.95,2,Month-to-Month,1
CUST0360,26,20,79.02,2,Month-to-Month,1
CUST0361,55,11,59.05,1,Month-to-Month,0
CUST0362,40,24,92.51,3,Month-to-Month,0
CUST0363,38,14,62.0,2,Two Year,0
CUST0364,18,18,67.51,3,One Year,0
CUST0365,38,68,61.54,3,Month-to-Month,1
CUST0366,44,11,65.31,3,Month-to-Month,0
CUST0367,59,72,43.07,4,Month-to-Month,1
CUST0368,23,56,36.2,4,Month-to-Month,1
CUST0369,61,5,96.89,4,Month-to-Month,1
CUST0370,53,1,48.06,3,Month-to-Month,0
CUST0371,45,2,45.17,2,Month-to-Month,1
CUST0372,62,1,21.93,2,Month-to-Month,0
CUST0373,34,2,52.22,4,Month-to-Month,1
CUST0374,57,27,38.54,3,Month-to-Month,1
CUST0375,69,1,97.84,2,One Year,0
CUST0376,20,9,85.2,1,Month-to-Month,1
CUST0377,29,44,51.24,5,Month-to-Month,0
CUST0378,56,1,110.05,3,One Year,1
CUST0379,29,40,84.64,3,Two Year,0
CUST0380,19,7,58.5,2,Two Year,1
CUST0381,63,3,20.0,2,One Year,1
CUST0382,39,28,110.82,0,Month-to-Month,0
CUST0383,40,23,37.21,4,One Year,0
CUST0384,47,50,32.09,2,One Year,0
CUST0385,22,31,85.45,2,Month-to-Month,0
CUST0386,26,39,113.8,1,One Year,0
CUST0387,38,7,92.69,3,Two Year,0
CUST0388,28,4,76.28,2,Month-to-Month,0
CUST0389,22,33,76.9,4,Month-to-Month,0
CUST0390,52,39,82.07,2,Month-to-Month,0
CUST0391,44,72,80.18,1,Month-to-Month,0
CUST0392,66,12,70.62,4,Month-to-Month,0
CUST0393,19,11,67.08,0,One Year,0
CUST0394,41,35,63.75,0,One Year,0
CUST0395,48,10,49.92,3,Month-to-Month,0
CUST0396,50,64,59.39,0,Two Year,0
CUST0397,56,46,31.14,2,Month-to-Month,0
CUST0398,47,13,63.03,1,Month-to-Month,1
CUST0399,63,33,45.23,2,One Year,0
CUST0400,54,33,42.93,4,One Year,0
CUST0401,68,2,68.6,3,One Year,0
CUST0402,45,55,92.84,2,Two Year,0
CUST0403,48,16,83.37,0,One Year,0
CUST0404,28,42,33.59,3,Two Year,0
CUST0405,40,9,45.21,1,Month-to-Month,1
CUST0406,19,54,83.82,5,One Year,0
CUST0407,57,11,45.35,5,Two Year,0
CUST0408,58,1,60.51,2,One Year,1
CUST0409,44,56,76.0,5,Month-to-Month,0
CUST0410,52,2,45.63,0,One Year,0
CUST0411,19,9,67.11,2,One Year,0
CUST0412,56,71,38.32,3,Month-to-Month,0
CUST0413,54,72,52.97,1,Two Year,0
CUST0414,38,20,71.4,1,Month-to-Month,0
CUST0415,22,23,33.14,3,Month-to-Month,0
CUST0416,69,14,73.81,2,Two Year,0
CUST0417,62,8,64.61,7,Month-to-Month,0
CUST0418,38,9,76.05,0,Month-to-Month,1
CUST0419,46,26,69.48,2,One Year,0
CUST0420,37,33,92.28,5,One Year,0
CUST0421,55,37,67.5,1,Month-to-Month,0
CUST0422,37,37,56.41,1,Two Year,0
CUST0423,67,2,67.45,2,One Year,0
CUST0424,42,16,75.87,3,One Year,0
CUST0425,19,1,65.98,2,One Year,0
CUST0426,49,19,65.81,1,One Year,0
CUST0427,43,13,50.96,4,Month-to-Month,0
CUST0428,23,52,51.74,6,Month-to-Month,0
CUST0429,58,10,36.95,0,One Year,0
CUST0430,20,2,99.99,2,Two Year,0
CUST0431,50,3,40.12,2,Month-to-Month,1
CUST0432,18,34,51.14,2,One Year,0
CUST0433,68,23,50.63,2,Two Year,0
CUST0434,22,2,82.9,2,Month-to-Month,0
CUST0435,30,2,59.1,2,Month-to-Month,0
CUST0436,36,28,89.95,5,Month-to-Month,0
CUST0437,29,1,51.53,1,One Year,0
CUST0438,65,41,70.58,0,Month-to-Month,0
CUST0439,42,29,48.29,2,Month-to-Month,0
CUST0440,68,2,107.9,3,One Year,1
CUST0441,52,2,41.25,4,One Year,0
CUST0442,29,72,71.2,2,Month-to-Month,0
CUST0443,47,11,77.68,1,Month-to-Month,1
CUST0444,22,11,73.28,3,One Year,0
CUST0445,51,40,61.29,4,Two Year,0
CUST0446,39,70,62.4,3,Two Year,0
CUST0447,56,72,65.88,1,One Year,0
CUST0448,30,33,62.06,2,Month-to-Month,0
CUST0449,64,11,84.28,4,Month-to-Month,1
CUST0450,20,2,109.21,1,Month-to-Month,0
CUST0451,37,36,53.85,3,Month-to-Month,0
CUST0452,48,19,37.6,2,One Year,0
CUST0453,22,13,63.23,4,Month-to-Month,0
CUST0454,41,56,116.59,1,Month-to-Month,1
CUST0455,57,2,48.93,3,Two Year,0
CUST0456,50,16,97.78,1,Month-to-Month,0
CUST0457,25,1,98.55,2,Month-to-Month,1
CUST0458,41,15,53.93,1,Month-to-Month,0
CUST0459,67,1,76.38,3,One Year,0
CUST0460,37,3,97.57,6,One Year,1
CUST0461,33,3,57.42,4,Month-to-Month,0
CUST0462,67,25,60.93,3,One Year,0
CUST0463,69,32,53.37,4,One Year,0
CUST0464,29,21,44.7,4,Two Year,0
CUST0465,30,72,52.01,2,Two Year,0
CUST0466,62,11,40.52,0,Two Year,0
CUST0467,59,8,65.68,1,One Year,0
CUST0468,56,48,49.6,5,Month-to-Month,0
CUST0469,42,6,69.68,4,Month-to-Month,0
CUST0470,63,72,33.88,1,Month-to-Month,0
CUST0471,49,1,71.62,3,One Year,0
CUST0472,41,72,81.67,3,Two Year,0
CUST0473,65,1,25.13,2,One Year,0
CUST0474,64,53,72.48,1,Month-to-Month,0
CUST0475,61,18,89.55,3,One Year,0
CUST0476,26,72,40.81,1,Two Year,0
CUST0477,57,1,98.45,0,One Year,1
CUST0478,67,19,73.38,2,Two Year,0
CUST0479,40,72,50.9,1,Two Year,0
CUST0480,67,17,63.88,3,Two Year,0
CUST0481,30,23,76.17,3,One Year,0
CUST0482,49,28,66.52,0,One Year,0
CUST0483,67,14,75.78,2,Month-to-Month,0
CUST0484,32,23,46.59,1,Month-to-Month,0
CUST0485,53,21,68.39,2,One Year,0
CUST0486,66,55,36.73,4,Month-to-Month,0
CUST0487,22,1,62.78,3,Two Year,0
CUST0488,39,7,46.92,1,Month-to-Month,1
CUST0489,33,72,50.29,3,Two Year,0
CUST0490,58,53,89.72,3,Month-to-Month,0
CUST0491,27,14,86.83,3,Month-to-Month,1
CUST0492,41,23,77.18,2,Two Year,0
CUST0493,35,7,43.15,2,Month-to-Month,0
CUST0494,66,5,58.67,2,Month-to-Month,1
CUST0495,35,14,89.26,3,Month-to-Month,0
CUST0496,24,10,67.83,1,One Year,0
CUST0497,21,21,111.39,3,Month-to-Month,0
CUST0498,43,1,72.87,0,One Year,0
CUST0499,22,72,68.84,2,One Year,0
CUST0500,33,72,58.82,4,One Year,0
CUST0501,52,28,67.67,2,One Year,0
CUST0502,43,18,61.95,5,One Year,0
CUST0503,35,8,79.16,3,Month-to-Month,0
CUST0504,46,40,84.13,0,Two Year,0
CUST0505,40,27,49.28,5,Month-to-Month,0
CUST0506,31,4,38.38,3,One Year,1
CUST0507,32,58,28.28,3,Month-to-Month,0
CUST0508,66,41,75.16,4,Two Year,0
CUST0509,50,71,42.93,3,Month-to-Month,0
CUST0510,42,31,21.94,1,Month-to-Month,0
CUST0511,38,22,72.77,3,One Year,0
CUST0512,34,13,114.86,3,One Year,0
CUST0513,40,64,64.88,3,Month-to-Month,1
CUST0514,60,48,81.77,3,One Year,0
CUST0515,34,1,66.64,3,One Year,0
CUST0516,31,1,63.02,3,Two Year,0
CUST0517,46,11,83.38,3,One Year,0
CUST0518,37,39,59.19,1,Month-to-Month,0
CUST0519,47,72,70.35,1,Month-to-Month,0
CUST0520,36,3,71.43,4,Two Year,1
CUST0521,56,21,51.64,1,Two Year,0
CUST0522,30,11,84.84,0,Month-to-Month,1
CUST0523,35,72,61.5,1,Month-to-Month,0
CUST0524,40,44,49.89,3,One Year,0
CUST0525,63,43,75.73,3,Month-to-Month,0
CUST0526,50,15,47.03,4,Month-to-Month,0
CUST0527,56,12,65.56,1,Month-to-Month,0
CUST0528,57,7,64.82,3,Month-to-Month,0
CUST0529,35,1,86.72,3,Month-to-Month,0
CUST0530,26,48,74.49,6,One Year,0
CUST0531,50,40,64.5,1,Month-to-Month,0
CUST0532,49,72,81.36,3,Month-to-Month,0
CUST0533,34,72,92.8,4,Month-to-Month,0
CUST0534,36,19,76.16,1,Month-to-Month,1
CUST0535,44,35,65.21,3,Month-to-Month,0
CUST0536,23,69,38.76,3,Month-to-Month,0
CUST0537,52,45,43.7,0,One Year,0
CUST0538,54,6,58.9,2,Month-to-Month,0
CUST0539,51,14,52.81,0,Month-to-Month,0
CUST0540,37,3,61.26,5,Month-to-Month,1
CUST0541,42,72,66.13,3,One Year,0
CUST0542,21,22,75.59,1,Two Year,0
CUST0543,27,6,63.59,1,Month-to-Month,0
CUST0544,27,26,74.73,2,Two Year,0
CUST0545,41,23,66.29,5,Month-to-Month,0
CUST0546,38,10,25.49,3,Two Year,0
CUST0547,28,2,46.21,1,Month-to-Month,0
CUST0548,44,26,62.12,1,One Year,0
CUST0549,33,17,40.81,6,One Year,0
CUST0550,43,35,77.0,2,Month-to-Month,0
CUST0551,47,17,95.62,2,Two Year,1
CUST0552,66,45,89.38,2,One Year,0
CUST0553,33,19,60.73,2,Month-to-Month,0
CUST0554,24,19,94.81,2,Month-to-Month,0
CUST0555,33,50,67.97,0,Month-to-Month,0
CUST0556,52,12,58.26,1,Two Year,0
CUST0557,33,3,52.73,2,One Year,0
CUST0558,57,1,58.95,1,Month-to-Month,1
CUST0559,29,33,57.24,3,One Year,0
CUST0560,52,23,68.41,5,Two Year,0
CUST0561,66,29,68.21,2,One Year,0
CUST0562,38,5,65.06,4,One Year,0
CUST0563,67,3,73.74,1,One Year,1
CUST0564,60,1,88.81,4,Month-to-Month,1
CUST0565,53,10,83.99,4,Month-to-Month,1
CUST0566,65,21,35.3,1,Two Year,0
CUST0567,34,11,20.0,2,Month-to-Month,1
CUST0568,49,13,83.69,2,Two Year,0
CUST0569,58,56,37.66,4,Month-to-Month,0
CUST0570,23,10,60.5,2,Month-to-Month,0
CUST0571,41,17,41.6,3,Two Year,0
CUST0572,44,36,28.96,0,One Year,0
CUST0573,37,12,75.83,4,Month-to-Month,0
CUST0574,42,23,80.18,3,One Year,0
CUST0575,19,47,53.47,1,One Year,0
CUST0576,26,71,20.0,1,One Year,0
CUST0577,45,3,54.08,2,Month-to-Month,0
CUST0578,55,62,72.84,4,Two Year,0
CUST0579,20,16,35.42,2,Two Year,0
CUST0580,37,7,68.67,3,Month-to-Month,0
CUST0581,23,14,64.69,1,Two Year,0
CUST0582,56,72,76.59,2,Two Year,0
CUST0583,50,16,67.39,4,One Year,0
CUST0584,18,9,45.54,4,One Year,0
CUST0585,54,24,88.93,4,Month-to-Month,1
CUST0586,23,6,61.83,1,Month-to-Month,0
CUST0587,62,1,64.45,4,One Year,1
CUST0588,51,3,46.33,3,Two Year,1
CUST0589,64,3,56.13,2,One Year,0
CUST0590,32,3,47.3,1,One Year,0
CUST0591,62,3,61.54,3,Month-to-Month,0
CUST0592,43,24,99.23,3,Month-to-Month,1
CUST0593,31,4,37.56,1,Month-to-Month,0
CUST0594,24,10,32.73,5,Month-to-Month,1
CUST0595,63,54,94.42,6,One Year,0
CUST0596,48,15,60.81,3,Month-to-Month,0
CUST0597,41,26,51.62,1,One Year,0
CUST0598,48,4,85.8,3,Month-to-Month,1
CUST0599,46,5,52.89,1,One Year,0
CUST0600,59,1,101.52,1,One Year,0
CUST0601,49,4,78.56,1,Month-to-Month,1
CUST0602,34,7,55.24,1,Month-to-Month,1
CUST0603,31,4,108.15,3,Month-to-Month,0
CUST0604,57,2,52.89,2,Two Year,0
CUST0605,53,3,79.84,0,Month-to-Month,0
CUST0606,65,14,70.99,0,One Year,0
CUST0607,41,5,91.03,5,Two Year,0
CUST0608,62,10,96.23,1,One Year,1
CUST0609,44,16,65.64,2,Month-to-Month,1
CUST0610,42,28,49.93,0,Two Year,0
CUST0611,49,1,74.2,3,Month-to-Month,0
CUST0612,69,38,51.45,1,Month-to-Month,0
CUST0613,35,23,105.27,1,Two Year,0
CUST0614,63,2,67.73,3,One Year,0
CUST0615,35,49,57.69,2,Month-to-Month,0
CUST0616,54,60,68.69,1,Month-to-Month,0
CUST0617,43,1,38.06,0,Month-to-Month,1
CUST0618,26,7,45.57,4,One Year,0
CUST0619,52,39,89.01,0,Month-to-Month,0
CUST0620,25,33,51.86,1,Two Year,0
CUST0621,37,4,44.06,2,Two Year,0
CUST0622,59,5,75.73,3,Two Year,0
CUST0623,39,11,88.71,1,Month-to-Month,1
CUST0624,36,15,79.38,5,One Year,0
CUST0625,47,23,84.92,2,Two Year,0
CUST0626,45,11,49.86,4,Two Year,0
CUST0627,52,14,36.56,3,Month-to-Month,0
CUST0628,60,33,95.03,3,Month-to-Month,1
CUST0629,28,1,58.55,4,Month-to-Month,1
CUST0630,48,6,59.98,2,One Year,0
CUST0631,66,29,91.56,4,One Year,1
CUST0632,65,54,76.12,2,Two Year,0
CUST0633,56,17,74.12,5,Month-to-Month,0
CUST0634,53,18,108.3,3,Month-to-Month,0
CUST0635,47,2,52.13,3,Month-to-Month,0
CUST0636,40,14,83.56,3,Month-to-Month,1
CUST0637,36,18,66.14,1,Month-to-Month,0
CUST0638,29,6,70.37,3,One Year,0
CUST0639,32,7,95.57,5,One Year,0
CUST0640,48,11,75.16,1,One Year,0
CUST0641,60,1,75.77,3,Month-to-Month,0
CUST0642,54,9,86.45,0,Month-to-Month,1
CUST0643,54,5,57.7,3,Month-to-Month,0
CUST0644,32,9,48.22,3,Two Year,0
CUST0645,46,3,44.1,1,Month-to-Month,0
CUST0646,67,53,25.67,4,Two Year,0
CUST0647,60,21,106.12,0,Month-to-Month,0
CUST0648,43,27,42.94,6,Two Year,0
CUST0649,61,37,60.57,3,Two Year,0
CUST0650,19,16,59.46,1,Month-to-Month,0
CUST0651,37,2,71.15,3,One Year,0
CUST0652,32,18,81.31,1,Month-to-Month,0
CUST0653,69,21,82.21,1,Two Year,0
CUST0654,21,32,53.34,2,Month-to-Month,0
CUST0655,39,13,61.66,2,Month-to-Month,0
CUST0656,67,3,70.65,4,One Year,0
CUST0657,55,8,60.03,2,Two Year,0
CUST0658,40,10,97.15,6,Month-to-Month,0
CUST0659,43,24,74.82,1,One Year,0
CUST0660,68,20,79.7,2,Month-to-Month,0
CUST0661,28,10,78.26,1,Month-to-Month,0
CUST0662,45,72,88.47,3,One Year,1
CUST0663,19,22,68.62,3,Month-to-Month,0
CUST0664,25,6,39.06,4,Month-to-Month,1
CUST0665,46,2,72.99,5,Two Year,0
CUST0666,28,3,51.97,3,Month-to-Month,1
CUST0667,54,6,54.43,2,One Year,0
CUST0668,35,4,76.73,3,Month-to-Month,1
CUST0669,67,4,89.77,1,Month-to-Month,0
CUST0670,31,8,65.43,6,Month-to-Month,0
CUST0671,27,4,71.18,3,One Year,0
CUST0672,52,54,99.04,1,One Year,0
CUST0673,26,2,69.82,1,Month-to-Month,1
CUST0674,52,17,117.03,6,Month-to-Month,1
CUST0675,28,12,76.31,4,Two Year,0
CUST0676,61,72,29.78,2,Month-to-Month,0
CUST0677,29,2,80.07,3,Two Year,0
CUST0678,20,12,72.62,6,Month-to-Month,1
CUST0679,56,72,90.8,2,One Year,0
CUST0680,31,48,78.46,4,Month-to-Month,0
CUST0681,45,40,62.23,0,Two Year,0
CUST0682,28,7,40.51,4,One Year,0
CUST0683,56,4,60.82,3,Month-to-Month,0
CUST0684,42,26,47.99,5,Month-to-Month,0
CUST0685,38,63,53.39,2,One Year,0
CUST0686,27,19,76.77,4,One Year,0
CUST0687,60,20,98.4,2,Month-to-Month,0
CUST0688,32,7,72.89,4,Month-to-Month,1
CUST0689,36,35,41.08,4,Two Year,0
CUST0690,65,4,73.89,0,Month-to-Month,1
CUST0691,39,9,88.93,3,One Year,0
CUST0692,38,13,52.8,2,Month-to-Month,0
CUST0693,69,17,62.32,3,Two Year,0
CUST0694,61,6,65.29,2,Two Year,0
CUST0695,49,2,49.3,3,Two Year,0
CUST0696,67,22,77.97,3,Month-to-Month,0
CUST0697,40,8,62.58,2,Two Year,0
CUST0698,30,20,73.39,3,Month-to-Month,1
CUST0699,22,4,47.25,4,One Year,0
CUST0700,21,15,56.25,2,One Year,0
CUST0701,45,18,79.45,0,Month-to-Month,0
CUST0702,31,1,57.54,4,Two Year,1
CUST0703,25,9,99.54,0,Month-to-Month,0
CUST0704,26,3,57.01,3,One Year,0
CUST0705,68,1,69.49,2,One Year,0
CUST0706,52,72,83.65,2,One Year,0
CUST0707,54,9,36.63,0,Month-to-Month,0
CUST0708,38,39,29.78,2,Month-to-Month,0
CUST0709,35,7,34.49,1,Two Year,1
CUST0710,50,27,90.25,3,Month-to-Month,0
CUST0711,25,34,53.96,4,Month-to-Month,0
CUST0712,68,21,116.16,6,Month-to-Month,0
CUST0713,66,15,53.72,3,Month-to-Month,0
CUST0714,34,12,68.69,2,Two Year,0
CUST0715,60,10,95.84,2,Month-to-Month,1
CUST0716,48,63,105.12,2,One Year,0
CUST0717,51,42,106.23,1,Month-to-Month,1
CUST0718,23,72,89.17,1,Month-to-Month,0
CUST0719,39,3,85.48,2,Month-to-Month,1
CUST0720,31,31,76.85,4,Month-to-Month,0
CUST0721,20,66,80.57,1,Month-to-Month,0
CUST0722,29,4,53.98,1,One Year,0
CUST0723,53,1,48.64,2,Month-to-Month,1
CUST0724,29,32,64.93,2,Month-to-Month,1
CUST0725,62,20,61.6,1,Month-to-Month,0
CUST0726,19,44,55.94,0,Month-to-Month,0
CUST0727,19,3,78.93,3,Two Year,1
CUST0728,32,38,84.11,0,One Year,0
CUST0729,40,5,66.77,3,Month-to-Month,1
CUST0730,46,4,94.55,1,Month-to-Month,0
CUST0731,34,4,42.17,6,Two Year,1
CUST0732,49,40,61.13,2,Month-to-Month,0
CUST0733,24,26,50.66,2,Two Year,0
CUST0734,47,17,27.67,2,Month-to-Month,0
CUST0735,45,10,63.35,4,Two Year,0
CUST0736,31,50,62.57,1,Two Year,0
CUST0737,61,11,95.27,2,One Year,0
CUST0738,47,40,77.62,4,Month-to-Month,0
CUST0739,34,13,44.52,1,Month-to-Month,0
CUST0740,49,11,102.08,3,Month-to-Month,0
CUST0741,63,14,89.42,4,Month-to-Month,0
CUST0742,23,8,76.64,1,Month-to-Month,0
CUST0743,68,33,60.47,5,Month-to-Month,0
CUST0744,41,16,45.81,2,One Year,0
CUST0745,23,6,57.56,1,One Year,0
CUST0746,44,55,86.77,3,Month-to-Month,0
CUST0747,35,11,102.69,1,Month-to-Month,1
CUST0748,41,18,95.86,3,Two Year,0
CUST0749,54,56,55.22,2,Month-to-Month,0
CUST0750,41,23,42.61,2,One Year,0
CUST0751,55,2,67.82,2,Month-to-Month,0
CUST0752,51,67,29.63,1,Month-to-Month,1
CUST0753,57,23,71.46,2,Month-to-Month,0
CUST0754,64,9,62.05,2,Month-to-Month,0
CUST0755,32,3,55.68,0,Two Year,0
CUST0756,28,37,33.11,1,One Year,0
CUST0757,39,23,75.27,1,Month-to-Month,1
CUST0758,41,18,54.35,0,Two Year,0
CUST0759,18,53,41.6,1,Month-to-Month,0
CUST0760,35,37,20.0,2,Two Year,0
CUST0761,61,3,64.45,3,Two Year,0
CUST0762,29,8,100.45,3,Month-to-Month,0
CUST0763,60,6,98.23,2,Month-to-Month,0
CUST0764,45,32,55.86,4,Month-to-Month,0
CUST0765,57,1,52.96,2,One Year,0
CUST0766,24,20,74.38,2,One Year,0
CUST0767,40,34,45.03,5,Two Year,0
CUST0768,38,50,71.04,4,One Year,0
CUST0769,51,10,80.32,4,Month-to-Month,1
CUST0770,28,41,89.54,7,Month-to-Month,0
CUST0771,39,2,63.0,4,One Year,1
CUST0772,59,44,60.93,3,Month-to-Month,0
CUST0773,52,3,47.44,1,One Year,0
CUST0774,69,12,48.46,2,Month-to-Month,0
CUST0775,46,38,60.47,6,Month-to-Month,0
CUST0776,59,3,72.35,2,Month-to-Month,0
CUST0777,45,6,83.27,1,One Year,0
CUST0778,35,30,48.94,0,Month-to-Month,0
CUST0779,31,30,94.85,0,One Year,0
CUST0780,35,24,59.58,4,Month-to-Month,0
CUST0781,45,28,64.57,2,One Year,0
CUST0782,41,18,50.06,5,One Year,0
CUST0783,25,6,20.0,0,Month-to-Month,1
CUST0784,59,10,82.68,2,One Year,1
CUST0785,62,4,79.74,4,Month-to-Month,1
CUST0786,25,57,59.37,2,Month-to-Month,0
CUST0787,21,21,66.34,3,Month-to-Month,1
CUST0788,44,12,75.32,2,One Year,0
CUST0789,53,14,33.75,2,Two Year,0
CUST0790,22,70,54.42,0,One Year,0
CUST0791,50,3,80.89,4,One Year,0
CUST0792,66,21,39.91,5,One Year,0
CUST0793,51,16,70.87,2,Month-to-Month,1
CUST0794,47,22,37.87,3,Two Year,0
CUST0795,25,1,74.33,6,Month-to-Month,0
CUST0796,56,49,64.29,2,Two Year,0
CUST0797,64,64,32.7,3,One Year,0
CUST0798,43,19,88.29,3,One Year,0
CUST0799,54,28,50.31,1,One Year,0
CUST0800,51,61,48.79,2,Month-to-Month,0
CUST0801,24,29,69.01,5,One Year,0
CUST0802,57,3,87.97,1,Month-to-Month,1
CUST0803,45,20,44.68,3,One Year,0
CUST0804,56,22,66.23,3,One Year,0
CUST0805,56,13,73.58,3,Two Year,0
CUST0806,45,32,78.86,2,One Year,0
CUST0807,31,65,68.53,2,Month-to-Month,0
CUST0808,67,62,57.66,2,Month-to-Month,0
CUST0809,55,14,48.45,0,One Year,0
CUST0810,21,2,66.72,1,Month-to-Month,1
CUST0811,59,72,43.56,0,Month-to-Month,0
CUST0812,35,43,20.0,0,Two Year,0
CUST0813,61,3,73.73,2,One Year,0
CUST0814,65,60,83.08,3,One Year,0
CUST0815,42,48,20.0,0,Month-to-Month,0
CUST0816,24,17,44.81,3,One Year,0
CUST0817,55,21,77.38,1,Month-to-Month,0
CUST0818,45,12,106.15,1,One Year,0
CUST0819,22,1,65.42,6,Month-to-Month,1
CUST0820,20,9,50.44,4,Two Year,0
CUST0821,61,38,61.34,2,Month-to-Month,0
CUST0822,48,1,92.5,4,Month-to-Month,0
CUST0823,64,9,52.08,4,One Year,1
CUST0824,59,12,49.02,0,One Year,0
CUST0825,37,18,55.35,3,Month-to-Month,0
CUST0826,36,60,45.93,3,One Year,0
CUST0827,65,10,67.45,6,Month-to-Month,0
CUST0828,28,10,97.49,1,Two Year,0
CUST0829,57,32,71.46,4,Two Year,0
CUST0830,20,14,59.95,2,Month-to-Month,0
CUST0831,40,6,59.16,2,Two Year,0
CUST0832,24,14,33.74,2,Month-to-Month,0
CUST0833,40,3,82.66,2,Month-to-Month,0
CUST0834,24,4,63.44,2,Two Year,0
CUST0835,63,16,61.39,1,One Year,0
CUST0836,51,13,120.0,0,Month-to-Month,1
CUST0837,59,59,70.98,3,Month-to-Month,1
CUST0838,36,10,49.96,4,Month-to-Month,0
CUST0839,26,20,56.47,6,Two Year,0
CUST0840,65,24,87.97,4,Month-to-Month,1
CUST0841,68,1,67.27,2,Month-to-Month,1
CUST0842,35,26,36.23,2,Month-to-Month,0
CUST0843,58,4,83.38,6,Month-to-Month,0
CUST0844,65,72,51.64,3,Month-to-Month,0
CUST0845,62,3,102.47,3,Month-to-Month,1
CUST0846,59,12,86.6,2,Month-to-Month,1
CUST0847,42,2,56.05,0,Month-to-Month,1
CUST0848,69,72,90.62,2,Two Year,1
CUST0849,31,16,66.36,2,Month-to-Month,1
CUST0850,61,21,82.06,2,One Year,0
CUST0851,42,1,74.69,4,One Year,1
CUST0852,36,33,48.07,1,Two Year,0
CUST0853,56,5,52.13,2,Two Year,0
CUST0854,32,54,85.6,3,Month-to-Month,0
CUST0855,33,5,58.3,6,Month-to-Month,0
CUST0856,44,5,56.93,3,Month-to-Month,0
CUST0857,57,1,45.9,2,Month-to-Month,0
CUST0858,27,15,73.47,3,One Year,0
CUST0859,21,19,106.25,2,One Year,1
CUST0860,68,1,43.65,3,Two Year,0
CUST0861,36,35,65.48,2,Month-to-Month,1
CUST0862,45,14,93.24,1,Two Year,0
CUST0863,38,17,63.41,3,Month-to-Month,0
CUST0864,64,13,74.05,4,Month-to-Month,0
CUST0865,31,12,43.75,2,Month-to-Month,0
CUST0866,50,19,73.57,2,One Year,0
CUST0867,65,4,61.26,1,Month-to-Month,0
CUST0868,27,4,84.71,1,Two Year,0
CUST0869,36,47,88.75,0,Two Year,0
CUST0870,47,70,116.79,0,Two Year,0
CUST0871,39,11,76.59,2,Month-to-Month,0
CUST0872,20,7,71.52,2,Two Year,0
CUST0873,54,24,68.89,1,One Year,0
CUST0874,58,12,57.94,4,Month-to-Month,1
CUST0875,35,1,71.77,4,Month-to-Month,0
CUST0876,28,4,59.09,4,Month-to-Month,0
CUST0877,65,30,68.37,2,Month-to-Month,0
CUST0878,19,25,91.35,1,One Year,0
CUST0879,29,1,44.87,2,Two Year,0
CUST0880,23,6,87.8,1,Month-to-Month,1
CUST0881,60,6,91.34,1,One Year,1
CUST0882,57,26,62.64,2,Two Year,0
CUST0883,61,1,22.56,1,Month-to-Month,1
CUST0884,46,2,52.84,5,Two Year,0
CUST0885,47,38,90.94,2,One Year,0
CUST0886,19,4,64.54,3,One Year,0
CUST0887,26,25,45.01,2,Month-to-Month,0
CUST0888,64,6,54.9,4,One Year,1
CUST0889,19,2,81.81,1,Month-to-Month,1
CUST0890,46,6,75.93,4,One Year,0
CUST0891,50,30,60.22,5,Month-to-Month,0
CUST0892,27,46,57.66,2,Two Year,0
CUST0893,51,42,57.16,3,Month-to-Month,0
CUST0894,61,12,46.55,4,Month-to-Month,0
CUST0895,25,26,97.31,2,One Year,0
CUST0896,54,5,58.55,0,Month-to-Month,1
CUST0897,50,8,89.34,4,One Year,1
CUST0898,64,54,95.43,2,Two Year,1
CUST0899,23,1,84.97,4,One Year,0
CUST0900,61,2,56.37,3,Month-to-Month,0
CUST0901,57,5,73.07,3,One Year,0
CUST0902,62,1,64.52,4,One Year,0
CUST0903,36,4,46.93,3,Two Year,0
CUST0904,49,20,71.49,0,Month-to-Month,0
CUST0905,44,13,41.42,2,Month-to-Month,0
CUST0906,18,53,88.75,2,One Year,1
CUST0907,60,40,55.71,3,Month-to-Month,0
CUST0908,69,10,69.02,4,Month-to-Month,0
CUST0909,50,7,70.67,1,Month-to-Month,0
CUST0910,57,11,59.82,1,Two Year,0
CUST0911,49,21,76.73,3,Two Year,0
CUST0912,22,7,55.5,0,One Year,0
CUST0913,34,23,82.43,3,Month-to-Month,0
CUST0914,25,12,38.08,1,Month-to-Month,1
CUST0915,59,19,67.53,1,Two Year,0
CUST0916,51,13,103.78,2,Two Year,1
CUST0917,26,8,44.99,1,Two Year,0
CUST0918,40,71,51.45,2,One Year,0
CUST0919,52,34,75.28,1,Month-to-Month,0
CUST0920,67,3,68.59,4,Two Year,0
CUST0921,24,48,72.01,0,Month-to-Month,0
CUST0922,32,16,74.78,2,Month-to-Month,1
CUST0923,37,53,77.69,5,One Year,0
CUST0924,67,38,87.19,0,Month-to-Month,0
CUST0925,42,13,73.2,1,Month-to-Month,0
CUST0926,20,1,60.17,3,Month-to-Month,0
CUST0927,63,7,78.45,2,Month-to-Month,0
CUST0928,41,18,103.0,4,Two Year,1
CUST0929,51,24,62.35,3,Month-to-Month,0
CUST0930,63,7,45.51,3,Month-to-Month,0
CUST0931,39,3,87.14,4,Month-to-Month,1
CUST0932,28,43,62.59,1,Month-to-Month,0
CUST0933,65,72,21.55,2,Month-to-Month,0
CUST0934,25,17,81.95,2,One Year,0
CUST0935,56,4,54.29,2,Month-to-Month,1
CUST0936,60,7,63.19,3,One Year,1
CUST0937,52,1,71.64,3,Two Year,0
CUST0938,66,58,68.81,5,One Year,0
CUST0939,63,3,79.19,0,Month-to-Month,1
CUST0940,55,20,56.29,1,Month-to-Month,1
CUST0941,25,7,75.26,2,Two Year,0
CUST0942,54,19,59.81,2,One Year,0
CUST0943,44,25,79.78,1,Two Year,0
CUST0944,45,42,77.31,2,Two Year,0
CUST0945,57,5,46.29,1,Two Year,0
CUST0946,51,1,86.72,4,Two Year,0
CUST0947,49,3,54.28,1,One Year,0
CUST0948,32,55,81.16,1,Month-to-Month,0
CUST0949,61,49,72.35,3,Two Year,0
CUST0950,34,21,101.76,2,One Year,0
CUST0951,50,22,60.53,3,Month-to-Month,1
CUST0952,64,26,58.01,2,One Year,0
CUST0953,63,4,64.61,1,One Year,0
CUST0954,69,58,58.94,5,Two Year,0
CUST0955,33,13,81.0,3,One Year,0
CUST0956,46,11,32.67,4,Month-to-Month,0
CUST0957,26,17,43.93,4,Two Year,0
CUST0958,50,1,43.64,4,Two Year,1
CUST0959,66,4,84.01,1,One Year,0
CUST0960,46,32,99.21,3,Month-to-Month,0
CUST0961,30,2,62.91,4,Month-to-Month,1
CUST0962,38,22,61.62,2,One Year,0
CUST0963,38,6,66.4,5,Month-to-Month,0
CUST0964,22,11,88.24,3,Month-to-Month,0
CUST0965,27,8,46.45,4,One Year,0
CUST0966,23,10,69.77,2,Month-to-Month,0
CUST0967,68,30,84.5,1,Month-to-Month,0
CUST0968,30,8,75.02,3,Month-to-Month,0
CUST0969,18,20,68.79,1,Month-to-Month,0
CUST0970,37,15,85.02,2,One Year,0
CUST0971,64,26,20.0,1,Month-to-Month,0
CUST0972,63,66,78.56,2,Month-to-Month,0
CUST0973,25,31,51.92,0,One Year,0
CUST0974,27,5,28.39,3,Two Year,0
CUST0975,26,1,75.22,2,One Year,1
CUST0976,66,7,92.47,5,Month-to-Month,1
CUST0977,58,21,62.25,1,Month-to-Month,1
CUST0978,20,1,84.06,2,Two Year,1
CUST0979,28,16,97.25,3,Month-to-Month,1
CUST0980,29,21,91.3,6,One Year,0
CUST0981,27,9,97.8,4,Month-to-Month,1
CUST0982,42,35,79.84,1,Month-to-Month,0
CUST0983,66,2,66.51,2,Two Year,1
CUST0984,66,1,32.96,1,One Year,0
CUST0985,42,31,60.08,3,One Year,0
CUST0986,28,16,48.14,3,Month-to-Month,0
CUST0987,53,27,108.42,2,Month-to-Month,0
CUST0988,56,13,61.48,4,One Year,0
CUST0989,43,6,67.46,3,One Year,1
CUST0990,31,41,76.03,2,Month-to-Month,0
CUST0991,56,38,65.87,3,Month-to-Month,1
CUST0992,57,28,98.9,4,Month-to-Month,0
CUST0993,18,7,52.55,3,Two Year,0
CUST0994,21,21,68.89,1,One Year,0
CUST0995,47,10,50.15,1,Two Year,1
CUST0996,29,2,38.6,2,Month-to-Month,1
CUST0997,52,59,52.76,2,Two Year,0
CUST0998,30,3,64.26,1,Month-to-Month,0
CUST0999,69,72,56.41,5,One Year,0
CUST1000,48,14,51.15,3,Two Year,0
